{
  "_fv": 57,
  "_type": "musicdisc",
  "definition": {
    "name": "Cajita Feliz",
    "rarity": "COMMON",
    "texture": "s_k_i_n",
    "description": "crei q eram pal nene",
    "creativeTab": {
      "value": "CUSTOM:DivineMC"
    },
    "specialInformation": {
      "fixedValue": [
        "crei que era para el nene"
      ]
    },
    "glowCondition": {
      "fixedValue": true
    },
    "music": {
      "value": "CUSTOM:cajitafelizmccaco"
    },
    "lengthInTicks": 100,
    "analogOutput": 0
  }
}