{
  "_fv": 57,
  "_type": "tool",
  "definition": {
    "toolType": "Sword",
    "renderType": 0,
    "blockingRenderType": 0,
    "texture": "breadsword",
    "customModelName": "Normal",
    "blockingModelName": "Normal blocking",
    "name": "Espada De Pan",
    "specialInformation": {
      "fixedValue": []
    },
    "creativeTab": {
      "value": "CUSTOM:DivineMC"
    },
    "harvestLevel": 0,
    "efficiency": 4.0,
    "attackSpeed": 1.0,
    "enchantability": 25,
    "damageVsEntity": 35.0,
    "usageCount": 8200,
    "blocksAffected": [],
    "glowCondition": {
      "fixedValue": false
    },
    "repairItems": [],
    "immuneToFire": true,
    "stayInGridWhenCrafting": false,
    "damageOnCrafting": false,
    "onItemInUseTick": {
      "name": "EspadadepanAlEstarEnLaMano"
    }
  }
}