{
  "_fv": 57,
  "_type": "tool",
  "definition": {
    "toolType": "Spade",
    "renderType": 0,
    "blockingRenderType": 0,
    "texture": "breadshovel",
    "customModelName": "Normal",
    "blockingModelName": "Normal blocking",
    "name": "Pala De Pan",
    "specialInformation": {
      "fixedValue": []
    },
    "creativeTab": {
      "value": "CUSTOM:DivineMC"
    },
    "harvestLevel": 90,
    "efficiency": 100.0,
    "attackSpeed": 80.0,
    "enchantability": 40,
    "damageVsEntity": 4.0,
    "usageCount": 12000,
    "blocksAffected": [],
    "glowCondition": {
      "fixedValue": false
    },
    "repairItems": [],
    "immuneToFire": true,
    "stayInGridWhenCrafting": false,
    "damageOnCrafting": false,
    "onItemInUseTick": {
      "name": "PalaDePanAlEstarEnLaMano"
    }
  }
}