{
  "_fv": 57,
  "_type": "tool",
  "definition": {
    "toolType": "Pickaxe",
    "renderType": 0,
    "blockingRenderType": 0,
    "texture": "breadpickaxe",
    "customModelName": "Normal",
    "blockingModelName": "Normal blocking",
    "name": "Pico De Pan",
    "specialInformation": {
      "fixedValue": []
    },
    "creativeTab": {
      "value": "CUSTOM:DivineMC"
    },
    "harvestLevel": 2,
    "efficiency": 7.0,
    "attackSpeed": 50.0,
    "enchantability": 12,
    "damageVsEntity": 85.0,
    "usageCount": 12500,
    "blocksAffected": [],
    "glowCondition": {
      "fixedValue": false
    },
    "repairItems": [],
    "immuneToFire": true,
    "stayInGridWhenCrafting": false,
    "damageOnCrafting": false,
    "onItemInUseTick": {
      "name": "PicoDePanAlEstarEnLaMano"
    }
  }
}