{
  "display": {
    "background": "minecraft:textures/block/stone.png",
    "icon": {
      "item": "nadiencorp:patricio"
    },
    "title": {
      "translate": "advancements.rickroleadopapu.title"
    },
    "description": {
      "translate": "advancements.rickroleadopapu.descr"
    },
    "frame": "challenge",
    "show_toast": true,
    "announce_to_chat": true,
    "hidden": false
  },
  "criteria": {
    "rickroleadopapu": {
      "trigger": "minecraft:inventory_changed",
      "conditions": {
        "items": [
          {
            "items": [
              "nadiencorp:rickroll"
            ],
            "count": {
              "min": 1,
              "max": 1
            }
          }
        ]
      }
    }
  }
}